{"cameraMode":{"drawMode":0,"name":"Shaded","section":"Shading Mode"},"sceneLighting":false,"audioPlay":false,"sceneViewState":{"m_AlwaysRefresh":false,"showFog":true,"showSkybox":false,"showFlares":true,"showImageEffects":true,"showParticleSystems":true,"showVisualEffectGraphs":true,"m_FxEnabled":true},"in2DMode":false,"pivot":{"x":-0.18518340587615968,"y":1.5545982122421265,"z":-0.10062181949615479},"rotation":{"x":0.0023681872989982368,"y":0.9945259094238281,"z":-0.10210524499416352,"w":0.022990472614765168},"size":2.1247448921203615,"orthographic":false}