{"cameraMode":{"drawMode":0,"name":"Shaded","section":"Shading Mode"},"sceneLighting":false,"audioPlay":false,"sceneViewState":{"m_AlwaysRefresh":false,"showFog":true,"showSkybox":false,"showFlares":true,"showImageEffects":true,"showParticleSystems":true,"showVisualEffectGraphs":true,"m_FxEnabled":true},"in2DMode":false,"pivot":{"x":258.35687255859377,"y":224.23304748535157,"z":-242.62442016601563},"rotation":{"x":-0.08662597835063935,"y":0.6567776203155518,"z":-0.07647798210382462,"w":-0.7452142238616943},"size":3.9838812351226808,"orthographic":false}