{"cameraMode":{"drawMode":0,"name":"Shaded","section":"Shading Mode"},"sceneLighting":false,"audioPlay":false,"sceneViewState":{"m_AlwaysRefresh":false,"showFog":true,"showSkybox":false,"showFlares":true,"showImageEffects":true,"showParticleSystems":true,"showVisualEffectGraphs":true,"m_FxEnabled":true},"in2DMode":false,"pivot":{"x":-36.349998474121097,"y":2.8266830444335939,"z":-30.760000228881837},"rotation":{"x":-0.010665112175047398,"y":0.16335447132587434,"z":-0.0017645347397774459,"w":-0.9865153431892395},"size":1.1463966369628907,"orthographic":false}