{"cameraMode":{"drawMode":0,"name":"Shaded","section":"Shading Mode"},"sceneLighting":false,"audioPlay":false,"sceneViewState":{"m_AlwaysRefresh":false,"showFog":true,"showSkybox":false,"showFlares":true,"showImageEffects":true,"showParticleSystems":true,"showVisualEffectGraphs":true,"m_FxEnabled":true},"in2DMode":false,"pivot":{"x":-36.534000396728519,"y":2.8456830978393556,"z":-30.67925262451172},"rotation":{"x":-0.00020806319662369788,"y":-0.9996805191040039,"z":0.02730805240571499,"w":-0.003020029980689287},"size":1.1463966369628907,"orthographic":false}