{"cameraMode":{"drawMode":0,"name":"Shaded","section":"Shading Mode"},"sceneLighting":true,"audioPlay":false,"sceneViewState":{"m_AlwaysRefresh":false,"showFog":true,"showSkybox":true,"showFlares":true,"showImageEffects":true,"showParticleSystems":true,"showVisualEffectGraphs":true,"m_FxEnabled":true},"in2DMode":false,"pivot":{"x":12.863430976867676,"y":-21.58550262451172,"z":10.152896881103516},"rotation":{"x":0.43524324893951418,"y":0.005401072092354298,"z":-0.00260036694817245,"w":0.9003104567527771},"size":36.633522033691409,"orthographic":false}