{"cameraMode":{"drawMode":0,"name":"Shaded","section":"Shading Mode"},"sceneLighting":true,"audioPlay":false,"sceneViewState":{"m_AlwaysRefresh":false,"showFog":true,"showSkybox":true,"showFlares":true,"showImageEffects":true,"showParticleSystems":true,"showVisualEffectGraphs":true,"m_FxEnabled":true},"in2DMode":false,"pivot":{"x":-36.534000396728519,"y":2.8456830978393556,"z":-30.67925262451172},"rotation":{"x":0.03418341279029846,"y":-0.0032616290263831617,"z":-0.0003627139958553016,"w":-0.9994708895683289},"size":2.3463964462280275,"orthographic":false}