{"cameraMode":{"drawMode":0,"name":"Shaded","section":"Shading Mode"},"sceneLighting":true,"audioPlay":false,"sceneViewState":{"m_AlwaysRefresh":false,"showFog":true,"showSkybox":true,"showFlares":true,"showImageEffects":true,"showParticleSystems":true,"showVisualEffectGraphs":true,"m_FxEnabled":true},"in2DMode":false,"pivot":{"x":-23.07670021057129,"y":0.4089450240135193,"z":-31.24127960205078},"rotation":{"x":0.0037501766346395017,"y":-0.9626470804214478,"z":0.013290764763951302,"w":0.2704868018627167},"size":16.70236587524414,"orthographic":false}