{"cameraMode":{"drawMode":0,"name":"Shaded","section":"Shading Mode"},"sceneLighting":true,"audioPlay":false,"sceneViewState":{"m_AlwaysRefresh":false,"showFog":true,"showSkybox":true,"showFlares":true,"showImageEffects":true,"showParticleSystems":true,"showVisualEffectGraphs":true,"m_FxEnabled":true},"in2DMode":false,"pivot":{"x":92.40348052978516,"y":-0.21446442604064942,"z":1.9655832052230836},"rotation":{"x":0.13720862567424775,"y":-0.7001510262489319,"z":0.13962958753108979,"w":0.6866440176963806},"size":1.3996959924697877,"orthographic":false}