{"cameraMode":{"drawMode":0,"name":"Shaded","section":"Shading Mode"},"sceneLighting":true,"audioPlay":false,"sceneViewState":{"m_AlwaysRefresh":false,"showFog":true,"showSkybox":true,"showFlares":true,"showImageEffects":true,"showParticleSystems":true,"showVisualEffectGraphs":true,"m_FxEnabled":true},"in2DMode":false,"pivot":{"x":-15.554732322692871,"y":9.860549926757813,"z":-20.254207611083986},"rotation":{"x":-0.14820486307144166,"y":-0.031456295400857928,"z":0.0044517554342746738,"w":-0.9885091185569763},"size":7.513050079345703,"orthographic":false}