{"cameraMode":{"drawMode":0,"name":"Shaded","section":"Shading Mode"},"sceneLighting":false,"audioPlay":false,"sceneViewState":{"m_AlwaysRefresh":false,"showFog":true,"showSkybox":false,"showFlares":true,"showImageEffects":true,"showParticleSystems":true,"showVisualEffectGraphs":true,"m_FxEnabled":true},"in2DMode":false,"pivot":{"x":9.836149215698243,"y":1.8499999046325684,"z":1.6320266723632813},"rotation":{"x":-0.015244392678141594,"y":-0.9682814478874207,"z":0.24189768731594087,"w":-0.06110827252268791},"size":2.4247446060180666,"orthographic":false}