{"cameraMode":{"drawMode":0,"name":"Shaded","section":"Shading Mode"},"sceneLighting":false,"audioPlay":false,"sceneViewState":{"m_AlwaysRefresh":false,"showFog":false,"showSkybox":false,"showFlares":false,"showImageEffects":false,"showParticleSystems":false,"showVisualEffectGraphs":true,"m_FxEnabled":true},"in2DMode":false,"pivot":{"x":0.23236286640167237,"y":1.3152713775634766,"z":0.15525752305984498},"rotation":{"x":0.07099604606628418,"y":0.7643954157829285,"z":-0.08543034642934799,"w":0.6351328492164612},"size":1.87428617477417,"orthographic":false}