{"cameraMode":{"drawMode":0,"name":"Shaded","section":"Shading Mode"},"sceneLighting":false,"audioPlay":false,"sceneViewState":{"m_AlwaysRefresh":false,"showFog":true,"showSkybox":false,"showFlares":true,"showImageEffects":true,"showParticleSystems":true,"showVisualEffectGraphs":true,"m_FxEnabled":true},"in2DMode":false,"pivot":{"x":259.371826171875,"y":225.1999969482422,"z":-247.69931030273438},"rotation":{"x":-0.14820486307144166,"y":-0.031456295400857928,"z":0.0044517554342746738,"w":-0.9885091185569763},"size":6.663501262664795,"orthographic":false}