{"cameraMode":{"drawMode":0,"name":"Shaded","section":"Shading Mode"},"sceneLighting":false,"audioPlay":false,"sceneViewState":{"m_AlwaysRefresh":false,"showFog":true,"showSkybox":false,"showFlares":true,"showImageEffects":true,"showParticleSystems":true,"showVisualEffectGraphs":true,"m_FxEnabled":true},"in2DMode":false,"pivot":{"x":257.58428955078127,"y":223.65660095214845,"z":-244.63246154785157},"rotation":{"x":0.006306997500360012,"y":0.989184558391571,"z":-0.14070908725261689,"w":0.042455874383449557},"size":1.8635001182556153,"orthographic":false}