{"cameraMode":{"drawMode":0,"name":"Shaded","section":"Shading Mode"},"sceneLighting":false,"audioPlay":false,"sceneViewState":{"m_AlwaysRefresh":false,"showFog":true,"showSkybox":false,"showFlares":true,"showImageEffects":true,"showParticleSystems":true,"showVisualEffectGraphs":true,"m_FxEnabled":true},"in2DMode":false,"pivot":{"x":2.9808120727539064,"y":4.0432891845703129,"z":-5.485557556152344},"rotation":{"x":0.13644985854625703,"y":-0.7287268042564392,"z":0.15213319659233094,"w":0.6536033749580383},"size":102.08269500732422,"orthographic":false}